email,credit_card,pancard,aadhar
ylangworthy0@shinystat.com,3539925703914863,JDBWC4839L,905604225227
omcfee1@wiley.com,3556688319697136,LSCVI1897D,229589315125
dcarette2@unesco.org,3549925320021231,JPDKO7617G,346455704320
mheliot3@simplemachines.org,4917201267133005,AJFRE9076B,297367205675
rrey4@delicious.com,30324205606971,RTRSU5545L,235735729100
rwadham5@house.gov,4405030495477408,BUTQO4241R,265713149083
gfilimore6@soundcloud.com,6390395247451940,QOKMF1882E,877560211080
dhartill7@wired.com,6304994316636285,QGBSY9589M,037877568680
dshemwell8@last.fm,3531197725261164,YUSHK1096F,565815351914
mgibbett9@pcworld.com,6334434297481967,USAKF5142S,838023179968
